Block,Area_m2,MeanDepth_m,Volume_m3
Block-1,600.0,1.64,935.8
Block-2,600.0,3.01,1801.2
Block-3,600.0,7.25,4295.8
Block-4,900.0,3.96,3652.2
Block-5,2000.0,3.57,7057.1
Block-6,5400.0,8.79,46203.9
Block-7,1800.0,3.97,7386.5
Block-8,2000.0,5.85,11261.5
Block-9,1200.0,3.74,4676.8
Block-10,900.0,3.61,3252.5
Block-11,3600.0,5.52,20925.4
Block-12,3000.0,6.13,18601.0
Block-13,900.0,3.69,3308.8
Block-14,4900.0,4.62,22307.1
Block-15,5300.0,6.1,33293.1
Block-16,2300.0,3.28,8557.4
Block-17,1500.0,2.62,4071.0
Block-18,900.0,5.11,4584.6
Block-19,1900.0,8.18,14811.1
Block-20,1800.0,6.8,11890.8
Block-21,8600.0,12.31,99784.2
Block-22,4400.0,6.63,28660.5
Block-23,6400.0,9.89,56412.6
Block-24,1800.0,4.57,8566.7
Block-25,6000.0,4.51,26389.1
Block-26,20800.0,10.27,219460.5
Block-27,3100.0,5.54,18639.0
Block-28,17900.0,8.32,148089.7
Block-29,1200.0,4.88,5835.1
Block-30,1500.0,4.95,7473.0
Block-31,2000.0,7.33,14721.1
Block-32,900.0,4.55,4032.6
Block-33,2800.0,5.5,15239.3
Block-34,11500.0,8.67,93780.8
Block-35,2300.0,3.78,8961.3
Block-36,18000.0,7.46,129999.9
Block-37,4600.0,5.95,28270.2
Block-38,900.0,3.65,3234.2
Block-39,1400.0,3.85,5352.7
Block-40,10000.0,6.64,67911.0
Block-41,1200.0,4.36,5203.8
Block-42,131600.0,17.99,2429775.0
Block-43,124400.0,14.47,1894799.4
Block-44,3400.0,6.45,22137.1
Block-45,6500.0,8.49,54230.6
Block-46,1200.0,5.44,6311.4
Block-47,59000.0,12.09,747818.2
Block-48,19000.0,5.26,101153.3
Block-49,12000.0,9.92,124086.0
Block-50,5400.0,7.71,39775.7
Block-51,900.0,2.11,1930.2
Block-52,7700.0,5.55,45128.7
Block-53,900.0,2.55,2337.3
Block-54,900.0,3.82,3345.0
Block-55,7800.0,6.21,51554.4
Block-56,3800.0,5.15,20551.6
Block-57,900.0,3.52,3132.5
Block-58,900.0,3.48,3175.8
Block-59,30300.0,16.9,467570.2
Block-60,19300.0,13.19,233342.1
Block-61,4900.0,11.32,53140.6
Block-62,30800.0,4.55,154091.6
Block-63,900.0,4.62,4136.8
Block-64,900.0,3.35,2978.5
Block-65,1200.0,4.29,5145.9
Block-66,900.0,3.45,3115.2
Block-67,1500.0,5.26,8257.3
Block-68,1200.0,3.58,4134.0
Block-69,3500.0,6.82,24033.3
Block-70,17400.0,3.63,74886.3
Block-71,5000.0,6.16,32183.6
Block-72,3500.0,4.76,15596.6
Block-73,900.0,4.02,3530.5
Block-74,45600.0,7.62,330870.6
Block-75,900.0,4.02,3645.3
Block-76,10600.0,5.61,64398.7
Block-77,7400.0,8.31,57839.3
Block-78,3300.0,1.47,4814.4
Block-79,900.0,4.8,4215.9
Block-80,900.0,4.93,4419.6
Block-81,2400.0,3.58,8638.9
Block-82,933800.0,21.66,21520600.0
Block-83,900.0,4.84,4250.4
Block-84,900.0,5.23,4678.8
Block-85,1500.0,4.43,6726.4
Block-86,29700.0,8.23,251057.8
Block-87,900.0,4.23,3748.0
Block-88,900.0,5.05,4511.6
Block-89,900.0,3.96,3633.0
Block-90,11400.0,7.55,87730.9
Block-91,900.0,5.67,5014.5
Block-92,8800.0,7.65,66533.2
Block-93,1200.0,4.36,5290.3
Block-94,900.0,5.46,4896.6
Block-95,900.0,3.34,2932.2
Block-96,3400.0,6.45,21951.8
Block-97,1800.0,3.13,5694.0
Block-98,1400.0,3.92,5474.0
Block-99,1500.0,4.0,5837.9
Block-100,2100.0,5.55,11438.1
Block-101,4800.0,5.52,26724.7
Block-102,7900.0,6.47,47261.5
Block-103,49400.0,14.61,796014.0
Block-104,9900.0,15.58,147888.8
Block-105,1500.0,6.35,9450.7
Block-106,9000.0,7.56,68277.1
Block-107,21800.0,10.52,225075.3
Block-108,1200.0,3.6,4294.1
Block-109,3100.0,5.94,17125.6
Block-110,1900.0,4.18,7997.7
Block-111,1200.0,3.58,4190.0
Block-112,7400.0,7.5,55565.0
Block-113,45700.0,16.43,759680.2
Block-114,5800.0,5.07,29319.7
Block-115,900.0,5.61,5007.0
Block-116,2000.0,6.32,12176.5
Block-117,2300.0,4.47,10196.8
Block-118,4200.0,4.22,18208.0
Block-119,900.0,3.16,2851.1
Block-120,1200.0,5.6,6533.0
Block-121,34700.0,10.05,361895.1
Block-122,4900.0,6.31,31626.4
Block-123,112100.0,21.14,2288384.4
Block-124,5800.0,7.34,42390.8
Block-125,3400.0,5.15,17177.3
Block-126,1200.0,3.86,4592.5
Block-127,3800.0,7.0,25308.7
Block-128,3900.0,4.5,17161.6
Block-129,2700.0,2.28,6177.2
Block-130,900.0,3.75,3393.6
Block-131,5900.0,8.4,46532.2
Block-132,1800.0,5.77,10480.0
Block-133,2000.0,7.01,13933.4
Block-134,1500.0,3.28,4848.3
Block-135,2200.0,3.54,8894.5
Block-136,95100.0,23.0,2186713.9
Block-137,3600.0,9.56,33380.9
Block-138,900.0,3.43,3054.4
Block-139,1800.0,2.03,3758.7
Block-140,3900.0,7.03,26345.0
Block-141,1500.0,6.12,9086.2
Block-142,1200.0,3.89,4794.4
Block-143,104500.0,10.91,1245658.8
Block-144,8000.0,7.96,62492.0
Block-145,900.0,3.74,3484.9
Block-146,2400.0,3.51,8207.4
Block-147,900.0,2.35,2126.9
Block-148,1900.0,4.58,8671.6
Block-149,3200.0,7.52,23820.6
Block-150,900.0,4.61,4166.1
Block-151,1800.0,5.27,9434.8
Block-152,2900.0,3.87,10767.2
Block-153,47600.0,13.53,638989.0
Block-154,900.0,4.83,4382.3
Block-155,900.0,3.42,3034.8
Block-156,4100.0,6.62,26455.1
Block-157,1600.0,5.33,8287.6
Block-158,2800.0,5.49,15546.8
Block-159,2300.0,4.42,9864.7
Block-160,900.0,2.6,2301.0
Block-161,39800.0,7.33,290647.4
Block-162,900.0,5.18,4705.0
Block-163,3200.0,4.42,14709.2
Block-164,600.0,3.19,1889.2
Block-165,5600.0,6.76,40122.1
Block-166,900.0,3.43,3132.6
Block-167,4000.0,3.77,14929.9
Block-168,1200.0,5.82,6972.9
Block-169,1500.0,3.25,4636.9
Block-170,1200.0,3.86,4517.0
Block-171,50200.0,8.93,498859.9
Block-172,1500.0,3.62,5334.5
Block-173,8100.0,6.41,51218.9
Block-174,2400.0,5.52,13795.4
Block-175,4400.0,6.14,26570.5
Block-176,1500.0,3.79,5472.3
Block-177,1200.0,2.63,3160.3
Block-178,3700.0,9.75,33894.3
Block-179,900.0,3.73,3329.9
Block-180,2600.0,5.5,14156.0
Block-181,5600.0,4.57,24998.4
Block-182,900.0,3.01,2723.3
Block-183,2500.0,3.91,9861.8
Block-184,5800.0,4.92,27407.4
Block-185,900.0,2.61,2384.2
Block-186,77500.0,11.43,773515.6
Block-187,1500.0,2.65,4125.9
Block-188,900.0,3.74,3373.7
Block-189,2400.0,3.88,9552.7
Block-190,1900.0,6.63,12338.2
Block-191,1900.0,4.95,9488.2
Block-192,9900.0,8.92,88451.9
Block-193,3700.0,7.33,25866.6
Block-194,2300.0,4.71,11002.4
Block-195,3400.0,5.28,17650.4
Block-196,900.0,3.04,2767.3
Block-197,2400.0,3.66,9010.7
Block-198,16900.0,2.77,55595.8
Block-199,5500.0,4.74,24499.0
Block-200,900.0,3.92,3498.9
Block-201,900.0,3.78,3353.9
Block-202,1500.0,3.49,4982.7
Block-203,900.0,3.27,2916.6
Block-204,3200.0,5.03,15717.6
Block-205,1500.0,5.91,8983.6
Block-206,6000.0,3.81,22577.9
Block-207,900.0,1.94,1778.7
Block-208,5700.0,5.38,30350.2
Block-209,17300.0,4.31,85046.3
Block-210,1600.0,2.16,3566.0
Block-211,266300.0,19.28,5060080.5
Block-212,13500.0,11.04,141926.2
Block-213,7700.0,4.84,39710.4
Block-214,4500.0,3.92,17305.7
Block-215,3300.0,5.03,15934.6
Block-216,1200.0,4.45,5336.8
Block-217,1400.0,2.74,3817.2
Block-218,900.0,3.74,3443.1
Block-219,900.0,2.63,2318.6
Block-220,8800.0,6.97,59981.4
Block-221,900.0,3.75,3283.5
Block-222,1200.0,3.25,3887.3
Block-223,2400.0,0.21,898.2
Block-224,900.0,3.08,2751.1
Block-225,18200.0,8.08,142085.9
Block-226,2700.0,3.57,9231.2
Block-227,900.0,3.07,2708.7
Block-228,1200.0,4.04,4837.0
Block-229,65500.0,8.73,591879.5
Block-230,900.0,2.88,2575.2
Block-231,1900.0,4.67,8340.1
Block-232,1200.0,3.87,4665.7
Block-233,4100.0,7.25,28918.4
Block-234,1200.0,3.78,4542.9
Block-235,2200.0,5.42,12470.4
Block-236,900.0,3.27,2907.7
Block-237,900.0,2.61,2292.7
Block-238,5800.0,5.46,31115.1
Block-239,1500.0,3.36,4818.3
Block-240,900.0,2.15,1952.1
Block-241,5000.0,5.18,25029.7
Block-242,1400.0,4.1,5708.7
Block-243,30300.0,5.54,191662.2
Block-244,29700.0,7.17,223892.6
Block-245,4200.0,5.94,24265.8
Block-246,7900.0,8.58,66228.2
Block-247,141800.0,18.08,2745514.3
Block-248,900.0,4.67,4083.0
Block-249,900.0,1.87,1645.8
Block-250,1200.0,4.05,4808.0
Block-251,9800.0,4.69,47515.5
Block-252,21700.0,10.32,220160.9
Block-253,2300.0,3.72,8761.5
Block-254,900.0,3.97,3489.4
Block-255,3600.0,6.99,22951.7
Block-256,3900.0,4.45,17477.0
Block-257,900.0,3.17,2817.0
Block-258,3100.0,4.99,15354.7
Block-259,2900.0,6.56,19281.4
Block-260,900.0,3.3,2971.2
Block-261,900.0,2.38,2202.7
Block-262,1200.0,4.65,5591.4
Block-263,6600.0,6.16,38974.5
Block-264,900.0,3.3,2932.0
Block-265,25500.0,14.68,324990.3
Block-266,2400.0,4.13,10197.7
Block-267,8100.0,3.99,32873.8
Block-268,12500.0,10.88,126803.1
Block-269,900.0,3.0,2746.3
Block-270,54000.0,9.61,501176.3
Block-271,30200.0,6.32,183952.8
Block-272,9100.0,3.95,35941.3
Block-273,41100.0,12.06,469284.0
Block-274,1800.0,4.09,7407.3
Block-275,15200.0,6.6,105129.6
Block-276,3900.0,5.47,21559.7
Block-277,900.0,2.8,2557.5
Block-278,900.0,4.37,3932.2
Block-279,13700.0,9.25,133521.7
Block-280,10000.0,10.85,99741.2
Block-281,7800.0,7.64,59923.0
Block-282,900.0,2.99,2658.6
Block-283,21900.0,12.44,259154.0
Block-284,9700.0,8.65,78438.7
Block-285,1500.0,4.98,7470.4
Block-286,2200.0,5.21,11673.1
Block-287,9100.0,11.28,89919.6
Block-288,15000.0,7.19,105066.2
Block-289,10900.0,8.19,85662.0
Block-290,900.0,1.39,1234.4
Block-291,1800.0,4.3,7746.7
Block-292,1800.0,3.7,6479.8
Block-293,900.0,4.79,4280.2
Block-294,1700.0,3.72,6399.9
Block-295,2700.0,5.41,14786.5
Block-296,12200.0,5.99,71727.6
Block-297,3300.0,4.71,15111.3
Block-298,1800.0,3.83,6781.2
Block-299,165000.0,11.37,1874903.3
Block-300,2700.0,4.42,12034.2
Block-301,3200.0,3.41,10897.9
Block-302,13000.0,9.46,119580.3
Block-303,5400.0,7.55,38232.7
Block-304,2100.0,3.98,8170.8
Block-305,3700.0,5.79,20357.1
Block-306,3000.0,5.69,17023.1
Block-307,900.0,2.43,2263.8
Block-308,8200.0,7.14,57510.2
Block-309,7700.0,7.01,52557.7
Block-310,7900.0,9.38,72065.8
Block-311,1600.0,4.03,6614.0
Block-312,6500.0,6.31,40752.4
Block-313,6000.0,11.25,68556.0
Block-314,5700.0,5.61,31263.1
Block-315,1200.0,5.16,6228.9
Block-316,1400.0,4.13,5750.1
Block-317,1200.0,2.56,3093.7
Block-318,900.0,4.19,3758.1
Block-319,2200.0,6.67,14787.0
Block-320,77100.0,13.01,965128.4
Block-321,900.0,3.22,2881.7
Block-322,900.0,4.98,4453.5
Block-323,1500.0,6.38,9239.8
Block-324,900.0,4.79,4244.8
Block-325,2900.0,5.44,15604.9
Block-326,3100.0,3.65,11226.3
Block-327,2700.0,4.39,12342.5
Block-328,900.0,4.52,4023.6
Block-329,900.0,2.45,2167.2
Block-330,5800.0,8.8,49579.5
Block-331,900.0,4.89,4416.0
Block-332,900.0,4.11,3660.6
Block-333,7900.0,6.13,47089.2
Block-334,201500.0,12.31,2598734.4
Block-335,12900.0,3.66,48655.2
Block-336,59400.0,11.58,654952.1
Block-337,24400.0,8.86,201760.2
Block-338,1500.0,4.51,6605.8
Block-339,12800.0,13.08,162197.8
Block-340,13900.0,5.66,74049.3
Block-341,1200.0,4.78,5681.5
Block-342,1600.0,3.05,4817.8
Block-343,1900.0,4.83,9078.7
Block-344,13400.0,8.29,111043.5
Block-345,2100.0,5.64,11604.0
Block-346,16100.0,4.77,80889.3
Block-347,39900.0,7.19,284648.7
Block-348,900.0,4.04,3661.3
Block-349,900.0,3.44,3064.5
Block-350,15600.0,9.16,149475.5
Block-351,1200.0,4.09,4959.2
Block-352,1800.0,2.8,5262.1
Block-353,14400.0,4.03,71723.7
Block-354,1200.0,3.38,4058.9
Block-355,1500.0,4.29,6141.3
Block-356,900.0,4.74,4250.8
Block-357,1800.0,3.86,6872.5
Block-358,12900.0,7.83,106258.6
Block-359,6900.0,5.2,35881.4
Block-360,49500.0,8.27,411025.2
Block-361,30900.0,9.94,319389.4
Block-362,1800.0,4.16,7400.6
Block-363,5800.0,5.44,30774.1
Block-364,1800.0,4.67,8238.5
Block-365,24500.0,6.7,154209.2
Block-366,34900.0,11.81,391351.2
Block-367,28300.0,14.12,386908.9
Block-368,2500.0,3.9,9713.1
Block-369,900.0,3.99,3504.3
Block-370,27500.0,4.85,145306.4
Block-371,1200.0,3.44,4047.0
Block-372,900.0,1.92,1776.0
Block-373,8800.0,8.06,69756.0
Block-374,900.0,2.31,2113.6
Block-375,2600.0,4.71,12303.7
Block-376,1400.0,3.49,4918.3
Block-377,3000.0,6.0,17919.4
Block-378,1200.0,5.03,5904.2
Block-379,2300.0,3.17,7392.2
Block-380,7200.0,7.0,46399.7
Block-381,6100.0,7.47,42105.1
Block-382,900.0,4.91,4458.7
Block-383,7100.0,4.22,27728.8
Block-384,1200.0,3.45,4181.5
Block-385,2600.0,3.32,8531.2
Block-386,354700.0,14.43,5395465.2
Block-387,900.0,9.3,8241.2
Block-388,25300.0,7.93,214141.6
Block-389,900.0,3.06,2802.5
Block-390,12900.0,6.56,88755.7
Block-391,1200.0,4.77,5759.6
Block-392,44800.0,9.84,438510.8
Block-393,6800.0,10.23,61585.1
Block-394,5400.0,5.83,31566.6
Block-395,6200.0,9.67,58441.6
Block-396,2900.0,3.26,9533.9
Block-397,4400.0,5.74,25618.1
Block-398,5500.0,5.01,27964.7
Block-399,4400.0,4.57,19771.9
Block-400,900.0,2.81,2473.9
Block-401,900.0,3.08,2809.2
Block-402,6100.0,0.05,6761.7
Block-403,26200.0,1.73,77973.8
Block-404,8300.0,9.29,78414.4
Block-405,3100.0,5.37,16076.9
Block-406,1200.0,6.38,7598.9
Block-407,900.0,2.23,2063.2
Block-408,5300.0,11.75,58515.9
Block-409,900.0,4.56,4096.6
Block-410,1900.0,2.76,5167.4
Block-411,5800.0,7.64,43903.9
Block-412,1200.0,4.56,5436.7
Block-413,9600.0,4.73,48256.5
Block-414,6300.0,6.44,39780.4
Block-415,55300.0,13.34,701220.3
Block-416,1500.0,6.36,9552.7
Block-417,1500.0,6.36,8992.8
Block-418,1400.0,4.24,6088.5
Block-419,900.0,3.71,3257.2
Block-420,23800.0,9.72,239233.7
Block-421,900.0,3.56,3180.3
Block-422,3000.0,4.42,13383.8
Block-423,900.0,1.56,1489.7
Block-424,1400.0,3.8,5198.6
Block-425,900.0,3.94,3562.3
Block-426,900.0,3.33,3055.2
Block-427,900.0,6.1,5475.4
Block-428,900.0,4.24,3780.7
Block-429,1400.0,7.34,10195.7
Block-430,4600.0,6.48,30199.5
Block-431,1200.0,7.26,8576.5
Block-432,1500.0,5.86,8814.2
Block-433,6600.0,2.84,18471.3
Block-434,1500.0,3.0,4560.6
Block-435,900.0,2.83,2541.7
Block-436,900.0,4.13,3753.6
Block-437,2000.0,5.41,10551.5
Block-438,9400.0,8.43,79008.9
Block-439,3300.0,3.89,12884.1
Block-440,1200.0,3.31,4181.4
Block-441,2800.0,5.06,14283.2
Block-442,1800.0,2.64,5099.8
Block-443,3100.0,5.77,17303.0
Block-444,4600.0,5.51,25937.9
Block-445,18900.0,5.4,101783.1
Block-446,3200.0,4.08,13038.5
Block-447,34500.0,9.62,334806.0
Block-448,2000.0,5.02,9967.5
Block-449,5900.0,5.38,31457.5
Block-450,117200.0,8.63,1064458.0
Block-451,2300.0,3.51,8005.3
Block-452,18500.0,10.45,188851.4
Block-453,1400.0,2.82,3992.3
Block-454,4600.0,5.47,26176.8
Block-455,1400.0,3.59,5006.8
Block-456,3100.0,2.77,7740.0
Block-457,5000.0,5.67,27530.9
Block-458,900.0,3.8,3339.7
Block-459,1900.0,4.72,9305.9
Block-460,325800.0,10.75,3502337.5
Block-461,1500.0,8.48,12828.6
Block-462,3200.0,7.72,24019.3
Block-463,6700.0,3.27,27380.5
Block-464,3000.0,5.57,16414.9
Block-465,1500.0,2.78,4384.7
Block-466,19500.0,7.76,146760.3
Block-467,900.0,6.35,5682.7
Block-468,7500.0,5.35,44041.0
Block-469,25300.0,13.93,323174.0
Block-470,900.0,2.24,2024.8
Block-471,1800.0,3.89,6689.1
Block-472,900.0,4.45,3972.6
Block-473,900.0,2.87,2497.5
Block-474,8600.0,8.68,73333.8
Block-475,6800.0,6.63,47344.5
Block-476,5900.0,6.73,43769.2
Block-477,4900.0,4.83,23369.7
Block-478,96000.0,9.13,912984.6
Block-479,5600.0,3.67,21195.8
Block-480,3300.0,3.88,13809.8
Block-481,900.0,4.01,3556.6
Block-482,2400.0,5.06,12212.3
Block-483,12500.0,6.44,88021.9
Block-484,900.0,3.11,2784.4
Block-485,900.0,3.37,3020.2
Block-486,3000.0,5.59,15614.2
Block-487,7100.0,7.32,49539.8
Block-488,18000.0,10.62,222585.0
Block-489,2400.0,4.49,10596.0
Block-490,1500.0,7.34,11092.2
Block-491,1500.0,5.56,7550.3
Block-492,2200.0,9.39,21447.8
Block-493,4400.0,11.0,47268.2
Block-494,2200.0,0.71,2257.3
Block-495,15700.0,13.48,203029.2
Block-496,2100.0,5.67,12805.3
Block-497,66700.0,9.31,636453.8
Block-498,17300.0,6.29,109525.5
Block-499,2100.0,4.46,9545.4
Block-500,1600.0,4.25,6567.7
Block-501,2000.0,4.54,10070.6
Block-502,1200.0,2.51,2968.6
Block-503,44400.0,9.81,442365.5
Block-504,18300.0,6.99,135413.5
Block-505,14300.0,7.07,100655.2
Block-506,1200.0,3.72,4361.8
Block-507,1400.0,4.95,6923.0
Block-508,11100.0,2.77,33375.3
Block-509,3200.0,5.87,19057.0
Block-510,2100.0,3.7,7274.7
Block-511,900.0,3.68,3249.9
Block-512,900.0,2.61,2298.8
Block-513,900.0,3.06,2636.5
Block-514,45700.0,9.12,439750.6
Block-515,15100.0,4.84,85611.0
Block-516,900.0,3.47,3045.5
Block-517,18000.0,11.51,211275.7
Block-518,1200.0,5.14,6105.5
Block-519,1200.0,3.16,3798.7
Block-520,1200.0,6.18,7356.7
Block-521,3800.0,5.89,21582.3
Block-522,26000.0,8.3,273368.1
Block-523,600.0,4.18,2520.7
Block-524,24200.0,15.48,369811.4
Block-525,1200.0,5.42,6495.6
Block-526,90200.0,11.79,1014073.1
Block-527,4400.0,3.4,15721.7
Block-528,15800.0,5.76,92931.9
Block-529,900.0,2.62,2253.3
Block-530,5500.0,15.04,79447.5
Block-531,3000.0,5.92,17540.9
Block-532,4900.0,8.63,39931.5
Block-533,14000.0,7.77,108847.1
Block-534,900.0,3.41,2993.2
Block-535,1500.0,2.77,4278.9
Block-536,1200.0,5.33,6560.1
Block-537,7800.0,6.08,47109.0
Block-538,12300.0,7.44,88421.0
Block-539,900.0,3.18,2765.6
Block-540,2200.0,3.23,7129.2
Block-541,1500.0,4.58,7005.8
Block-542,7200.0,12.47,86792.2
Block-543,4200.0,3.85,15913.0
Block-544,11600.0,5.29,61861.0
Block-545,13300.0,7.71,106779.0
Block-546,2400.0,3.97,9235.0
Block-547,900.0,3.37,2988.5
Block-548,9500.0,8.72,82140.1
Block-549,22300.0,7.69,174029.3
Block-550,900.0,2.44,2153.3
Block-551,2300.0,4.4,10272.5
Block-552,2400.0,5.95,14215.2
Block-553,900.0,3.44,3056.4
Block-554,2500.0,3.4,8461.7
Block-555,2200.0,2.83,6350.5
Block-556,102800.0,10.57,1053933.3
Block-557,1200.0,4.16,4878.9
Block-558,900.0,4.26,3749.7
Block-559,4700.0,5.26,23836.6
Block-560,13100.0,9.95,137799.1
Block-561,6900.0,6.45,44906.7
Block-562,36000.0,5.28,206054.5
Block-563,6600.0,4.83,31114.7
Block-564,13000.0,6.43,83929.6
Block-565,15800.0,9.94,153959.8
Block-566,900.0,5.69,5027.0
Block-567,4900.0,4.76,23374.1
Block-568,900.0,1.41,1226.2
Block-569,17400.0,8.66,150637.4
Block-570,32500.0,8.8,287636.8
Block-571,329400.0,22.18,7150994.5
Block-572,4700.0,4.26,19407.1
Block-573,6200.0,6.42,40062.8
Block-574,5700.0,7.0,38495.1
Block-575,900.0,3.78,3294.5
Block-576,3600.0,5.49,19747.7
Block-577,10600.0,10.23,107133.5
Block-578,3900.0,6.44,24987.5
Block-579,4000.0,4.42,18098.5
Block-580,6200.0,5.56,32806.2
Block-581,2100.0,3.67,7488.0
Block-582,40500.0,7.58,314336.9
Block-583,6900.0,5.44,37033.0
Block-584,166300.0,19.48,3237808.8
Block-585,900.0,4.31,3810.7
Block-586,2600.0,3.34,8508.2
Block-587,4600.0,3.82,17235.5
Block-588,13400.0,4.33,57706.8
Block-589,7200.0,4.61,34069.4
Block-590,2600.0,3.27,8973.8
Block-591,5500.0,7.76,40808.4
Block-592,6200.0,5.92,35436.9
Block-593,3400.0,3.03,10234.1
Block-594,53400.0,10.42,555571.4
Block-595,101300.0,10.61,1096462.8
Block-596,71700.0,15.57,1129039.6
Block-597,10000.0,3.43,36088.8
Block-598,5900.0,3.97,23557.6
Block-599,2300.0,2.85,6594.1
Block-600,5500.0,5.42,29262.0
Block-601,6400.0,6.26,38423.5
Block-602,13600.0,10.0,130553.8
Block-603,5200.0,6.25,30897.6
Block-604,900.0,3.75,3264.2
Block-605,900.0,5.07,4644.4
Block-606,2300.0,4.62,10545.2
Block-607,2300.0,4.71,11212.1
Block-608,1500.0,5.29,7831.2
Block-609,9100.0,11.57,100397.9
Block-610,3800.0,5.86,21138.6
Block-611,6300.0,4.73,29726.3
Block-612,5900.0,6.51,37015.3
Block-613,1500.0,2.65,3892.5
Block-614,2600.0,4.6,11877.5
Block-615,13800.0,8.78,122075.2
Block-616,900.0,4.96,4413.5
Block-617,2400.0,4.1,9542.0
Block-618,4500.0,7.34,30542.4
Block-619,3900.0,7.41,29162.1
Block-620,59100.0,21.9,1226588.5
Block-621,2300.0,5.52,12518.3
Block-622,4000.0,7.32,30703.1
Block-623,2200.0,3.27,7487.6
Block-624,5500.0,13.27,66851.3
Block-625,1900.0,7.06,12851.6
Block-626,2200.0,5.79,12715.2
Block-627,4200.0,6.22,25202.6
Block-628,2300.0,9.92,22559.0
Block-629,1200.0,3.02,3532.2
Block-630,7500.0,6.01,44508.4
Block-631,2300.0,2.92,6599.7
Block-632,19600.0,11.95,241953.6
Block-633,7400.0,8.14,57708.3
Block-634,35800.0,11.14,385278.7
Block-635,12700.0,9.3,115718.5
Block-636,900.0,3.04,2687.6
Block-637,3800.0,10.81,40500.6
Block-638,900.0,2.45,2125.1
Block-639,5800.0,7.32,41410.0
Block-640,6400.0,7.78,47842.2
Block-641,3500.0,5.61,18916.3
Block-642,91500.0,21.19,2040438.5
Block-643,6000.0,5.83,35059.7
Block-644,20600.0,4.33,91023.1
Block-645,900.0,5.66,5004.9
Block-646,2600.0,10.81,27298.6
Block-647,7400.0,6.75,50687.0
Block-648,900.0,3.27,2865.2
Block-649,11100.0,6.59,70677.2
Block-650,7100.0,7.84,54383.5
Block-651,5100.0,7.68,38710.2
Block-652,900.0,4.59,4105.9
Block-653,1200.0,2.74,3200.1
Block-654,2500.0,3.74,9358.7
Block-655,2100.0,5.76,11279.2
Block-656,2000.0,5.36,10337.8
Block-657,15000.0,7.22,113615.2
Block-658,3900.0,4.33,16893.3
Block-659,2900.0,6.49,17992.9
Block-660,4600.0,6.6,29747.0
Block-661,1500.0,4.03,5973.0
Block-662,2200.0,4.16,9200.2
Block-663,9100.0,7.23,69889.5
Block-664,2300.0,6.16,14049.7
Block-665,1700.0,6.96,11651.8
Block-666,6300.0,12.44,85364.2
Block-667,900.0,1.09,1043.9
Block-668,26700.0,13.58,366711.6
Block-669,48300.0,23.06,1072404.6
Block-670,8700.0,8.29,68524.2
Block-671,900.0,6.3,5581.0
Block-672,2100.0,3.54,7159.3
Block-673,2200.0,6.29,13720.3
Block-674,29100.0,9.78,297856.7
Block-675,900.0,1.86,1699.9
Block-676,748700.0,18.32,14215445.3
Block-677,10400.0,6.81,69598.7
Block-678,3000.0,6.11,17157.6
Block-679,23200.0,10.87,256186.4
Block-680,900.0,3.71,3221.4
Block-681,1800.0,3.73,6548.1
Block-682,900.0,2.72,2452.1
Block-683,1500.0,3.41,5260.2
Block-684,900.0,4.79,4356.6
Block-685,1200.0,6.53,7795.8
Block-686,22500.0,12.99,282858.2
Block-687,3600.0,3.51,12128.8
Block-688,143300.0,12.88,1903795.7
Block-689,1800.0,5.0,8722.2
Block-690,1500.0,5.32,7724.2
Block-691,6100.0,9.9,61067.5
Block-692,1500.0,2.78,4013.4
Block-693,16000.0,16.91,251789.2
Block-694,3800.0,5.23,19548.5
Block-695,1500.0,4.08,6039.5
Block-696,18600.0,6.48,124346.1
Block-697,4600.0,6.7,31285.0
Block-698,3500.0,7.62,28413.7
Block-699,900.0,4.54,4010.8
Block-700,6800.0,9.95,68422.0
Block-701,416000.0,23.66,9450102.3
Block-702,1700.0,3.37,5503.9
Block-703,6200.0,7.56,44685.5
Block-704,1200.0,4.25,4925.1
Block-705,2200.0,4.04,8555.8
Block-706,900.0,4.15,3761.3
Block-707,900.0,2.02,1766.8
Block-708,13000.0,12.5,162347.0
Block-709,15200.0,10.27,146655.3
Block-710,1200.0,3.55,4298.1
Block-711,10100.0,3.32,34197.2
Block-712,1200.0,4.15,5081.2
Block-713,1400.0,2.82,4081.6
Block-714,900.0,5.09,4438.4
Block-715,7000.0,7.28,46857.0
Block-716,1800.0,2.74,4884.2
Block-717,16400.0,11.2,181122.4
Block-718,4600.0,6.5,29095.7
Block-719,900.0,5.12,4548.2
Block-720,71900.0,14.17,1037658.9
Block-721,900.0,3.44,3037.9
Block-722,1500.0,5.75,8511.4
Block-723,900.0,3.58,3194.5
Block-724,1500.0,3.21,5049.7
Block-725,2800.0,4.83,14069.2
Block-726,900.0,4.94,4461.4
Block-727,1200.0,2.95,3383.8
Block-728,1200.0,4.8,5657.8
Block-729,19100.0,8.32,156597.3
Block-730,15700.0,10.46,163204.0
Block-731,21800.0,9.04,205191.1
Block-732,2400.0,5.25,12686.4
Block-733,5000.0,7.44,35657.9
Block-734,6700.0,8.12,55285.5
Block-735,2900.0,5.51,16071.0
Block-736,1500.0,4.43,6896.4
Block-737,7500.0,7.87,57645.3
Block-738,4800.0,8.34,39298.3
Block-739,6200.0,8.78,54426.3
Block-740,2400.0,5.9,14470.5
Block-741,1200.0,6.24,7379.6
Block-742,2100.0,4.2,8533.4
Block-743,4400.0,4.64,20232.5
Block-744,900.0,4.28,3848.0
Block-745,6700.0,11.61,70997.5
Block-746,1200.0,4.85,5708.1
Block-747,900.0,3.69,3252.5
Block-748,1200.0,3.93,4872.6
Block-749,1900.0,5.49,10610.7
Block-750,1800.0,1.77,3627.3
Block-751,17400.0,9.0,149932.0
Block-752,1200.0,2.39,2858.8
Block-753,1700.0,5.11,8752.4
Block-754,900.0,2.3,2081.3
Block-755,4600.0,3.3,14639.6
Block-756,1600.0,4.42,7260.3
Block-757,1400.0,5.2,7179.7
Block-758,5600.0,8.67,43695.6
Block-759,1200.0,5.32,6397.2
Block-760,900.0,3.9,3481.8
Block-761,900.0,3.02,2663.3
Block-762,1800.0,3.43,6112.0
Block-763,1200.0,5.82,6928.9
Block-764,3600.0,4.88,17345.7
Block-765,4700.0,4.85,22345.8
Block-766,4000.0,2.18,9292.1
Block-767,900.0,1.86,1726.8
Block-768,1400.0,5.21,7280.2
Block-769,1500.0,4.33,6201.3
Block-770,1500.0,6.16,8557.3
Block-771,900.0,3.58,3099.9
Block-772,1800.0,5.8,10424.7
Block-773,3700.0,6.96,26242.9
Block-774,2500.0,5.86,14568.1
Block-775,900.0,4.56,4043.9
Block-776,900.0,2.04,1849.3
Block-777,1200.0,3.97,4626.5
Block-778,7800.0,7.85,59735.9
Block-779,31500.0,14.62,440004.0
Block-780,900.0,2.85,2590.9
Block-781,2700.0,6.02,16441.6
Block-782,1500.0,8.03,11928.2
Block-783,900.0,3.12,2707.5
Block-784,12900.0,11.64,153459.5
Block-785,2000.0,6.82,13424.3
Block-786,2700.0,5.48,15062.2
Block-787,12900.0,7.81,99471.2
Block-788,1200.0,5.11,6124.3
Block-789,3700.0,2.66,9895.3
Block-790,2700.0,4.84,12775.4
Block-791,3100.0,5.99,18457.4
Block-792,3400.0,5.4,18106.7
Block-793,2900.0,8.14,22923.1
Block-794,900.0,2.23,1922.3
Block-795,10200.0,5.98,60969.0
Block-796,25300.0,7.49,191933.8
Block-797,3800.0,6.63,24645.6
Block-798,3400.0,5.35,17493.9
Block-799,40000.0,9.45,384941.9
Block-800,900.0,3.94,3523.5
Block-801,179900.0,15.81,3008653.9
Block-802,3000.0,4.55,13240.8
Block-803,42300.0,9.67,441053.4
Block-804,2722200.0,17.87,49246725.0
Block-805,600.0,4.95,2917.0
Block-806,4800.0,5.69,27738.7
Block-807,4700.0,4.36,20588.4
Block-808,1800.0,6.39,11793.8
Block-809,1800.0,4.52,8879.9
Block-810,9300.0,4.04,42005.3
Block-811,30200.0,5.85,180910.1
Block-812,9500.0,8.51,76362.8
Block-813,142945100.0,20.84,3083126200.0
